Entity,Wallet,Label,,,,,,,,,,
Coinbase 1,0x71660c4005ba85c37ccec55d0c4493e66fe775d3,Exchange,,,,,,,,,,
Coinbase 2,0x503828976d22510aad0201ac7ec88293211d23da,Exchange,,,,,,,,,,
Coinbase 3,0xddfabcdc4d8ffc6d5beaf154f18b778f892a0740,Exchange,,,,,,,,,,
Coinbase 4,0x3cd751e6b0078be393132286c442345e5dc49699,Exchange,,,,,,,,,,
Coinbase 5,0xb5d85cbf7cb3ee0d56b3bb207d5fc4b82f43f511,Exchange,,,,,,,,,,
Coinbase 6,0xeb2629a2734e272bcc07bda959863f316f4bd4cf,Exchange,,,,,,,,,,
Coinbase: Coinbase Commerce,0xf6874c88757721a02f47592140905c4336dfbc61,Exchange,,,,,,,,,,
Coinbase: Miscellaneous,0xa090e606e30bd747d4e6245a1517ebe430f0057e,Exchange,,,,,,,,,,
Crypto.com,0x6262998ced04146fa42253a5c0af90ca02dfd2a3,Exchange,,,,,,,,,,
Crypto.com 2,0x46340b20830761efd32832a74d7169b29feb9758,Exchange,,,,,,,,,,
FTX Exchange,0x2faf487a4414fe77e2327f0bf4ae2a264a776ad2,Exchange,,,,,,,,,,
FTX Exchange 2,0xc098b2a3aa256d2140208c3de6543aaef5cd3a94,Exchange,,,,,,,,,,
HitBTC 1,0x9c67e141c0472115aa1b98bd0088418be68fd249,Exchange,,,,,,,,,,
HitBTC 2,0x59a5208b32e627891c389ebafc644145224006e8,Exchange,,,,,,,,,,
HitBTC 3,0xa12431d0b9db640034b0cdfceef9cce161e62be4,Exchange,,,,,,,,,,
OpenSea: Wallet,0x5b3256965e7c3cf26e11fcaf296dfc8807c01073,Exchange,,,,,,,,,,
Poloniex,0x32be343b94f860124dc4fee278fdcbd38c102d88,Exchange,,,,,,,,,,
Poloniex 2,0x209c4784ab1e8183cf58ca33cb740efbf3fc18ef,Exchange,,,,,,,,,,
Poloniex 3,0xb794f5ea0ba39494ce839613fffba74279579268,Exchange,,,,,,,,,,
Poloniex 4,xa910f92acdaf488fa6ef02174fb86208ad7722ba,Exchange,,,,,,,,,,
Poloniex: BAT,0xaa9fa73dfe17ecaa2c89b39f0bb2779613c5fc3b,Exchange,,,,,,,,,,
Poloniex: BNT,0x2fa2bc2ce6a4f92952921a4caa46b3727d24a1ec,Exchange,,,,,,,,,,
Poloniex: CVC,0x31a2feb9b5d3b5f4e76c71d6c92fc46ebb3cb1c1,Exchange,,,,,,,,,,
Poloniex: FOAM,0x6b71834d65c5c4d8ed158d54b47e6ea4ff4e5437,Exchange,,,,,,,,,,
Poloniex: GNO,0x48d466b7c0d32b61e8a82cd2bcf060f7c3f966df,Exchange,,,,,,,,,,
Poloniex: GNT,0x0536806df512d6cdde913cf95c9886f65b1d3462,Exchange,,,,,,,,,,
Poloniex: KNC,0x8d451ae5ee8f557a9ce7a9d7be8a8cb40002d5cb,Exchange,,,,,,,,,,
Poloniex: LOOM,0xbd2ec7c608a06fe975dbdca729e84dedb34ecc21,Exchange,,,,,,,,,,
Poloniex: MANA,0xc0e30823e5e628df8bc9bf2636a347e1512f0ecb,Exchange,,,,,,,,,,
Poloniex: NXC,0x65f9b2e4d7aaeb40ffea8c6f5844d5ad7da257e0,Exchange,,,,,,,,,,
Poloniex: OMG,0x36b01066b7fa4a0fdb2968ea0256c848e9135674,Exchange,,,,,,,,,,
Poloniex: REP,0xab11204cfeaccffa63c2d23aef2ea9accdb0a0d5,Exchange,,,,,,,,,,
Poloniex: SNT,0x6795cf8eb25585eadc356ae32ac6641016c550f2,Exchange,,,,,,,,,,
Poloniex: STORJ,0xfbf2173154f7625713be22e0504404ebfe021eae,Exchange,,,,,,,,,,
Poloniex: USDC,0x6f803466bcd17f44fa18975bf7c509ba64bf3825,Exchange,,,,,,,,,,
Poloniex: ZRX,0xead6be34ce315940264519f250d8160f369fa5cd,Exchange,,,,,,,,,,
Opyn: Options Exchange,0x39246c4f3f6592c974ebc44f80ba6dc69b817c71,Exchange,,,,,,,,,,
Opyn: Options Factory,0xcc5d905b9c2c8c9329eb4e25dc086369d6c7777c,Exchange,,,,,,,,,,
Opyn: Oracle,0x7054e08461e3ecb7718b63540addb3c3a1746415,Exchange,,,,,,,,,,
Opyn: Proxy,0x87887cf0e37d937f989ab76b99e4f4682da044c4,Exchange,,,,,,,,,,
2Miners: PPLNS,0x00192fb10df37c9fb26829eb2cc623cd1bf599e8,Mining,,,,,,,,,,
2Miners: PPLNS Exchange,0x6d5c355ea0bef659d3598401a327521f51e9d4eb,Mining,,,,,,,,,,
2Miners: SOLO,0x002e08000acbbae2155fab7ac01929564949070d,Mining,,,,,,,,,,
AlphaPool,0xc839ee5542b4e8413246b3634c5c739fea949562,Mining,,,,,,,,,,
AntPool,0xa855c20a1351acd2690c716e2709c7dff3978d12,Mining,,,,,,,,,,
Babel Pool,0xb3b7874f13387d44a3398d298b075b7a3505d8d4,Mining,,,,,,,,,,
BaikalMine 1,0xff1b891969773159366ab6310ff63a69ac4acffd,Mining,,,,,,,,,,
Baypool,0x4ff271d3e8298213be3d88d257f3973a4b6d727b,Mining,,,,,,,,,,
BeePool,0x99c85bb64564d9ef9a99621301f22c9993cb89e3,Mining,,,,,,,,,,
BitClubPool,0xf3b9d2c81f2b24b0fa0acaaa865b7d9ced5fc2fb,Mining,,,,,,,,,,
BTC.com Pool,0xeea5b82b61424df8020f5fedd81767f2d0d25bfb,Mining,,,,,,,,,,
Bw Pool,0x52e44f279f4203dcf680395379e5f9990a69f13c,Mining,,,,,,,,,,
CoinMine.pl,0x68795c4aa09d6f4ed3e5deddf8c2ad3049a601da,Mining,,,,,,,,,,
Coinotron 1,0xf8b483dba2c3b7176a3da549ad41a48bb3121069,Mining,,,,,,,,,,
Coinotron 2,0xa42af2c70d316684e57aefcc6e393fecb1c7e84e,Mining,,,,,,,,,,
Coinotron 3,0x6a7a43be33ba930fe58f34e07d0ad6ba7adb9b1f,Mining,,,,,,,,,,
CoolPool.Top: SOLO,0xe5a349fc4ff853dfdd0b7eaaa9dcd8918e768f49,Mining,,,,,,,,,,
Cruxpool,0x249bdb4499bd7c683664c149276c1d86108e2137,Mining,,,,,,,,,,
DigiPools,0xcf0e04cc0b8fcd66f42679bce42bf2569f438234,Mining,,,,,,,,,,
DwarfPool,0x2a65aca4d5fc5b5c859090a6c34d164135398226,Mining,,,,,,,,,,
DwarfPool 2,0x151255dd9e38e44db38ea06ec66d0d113d6cbe37,Mining,,,,,,,,,,
Easy2Mine,0xc4aeb20798368c48b27280847e187bb332b9bc77,Mining,,,,,,,,,,
Eth.pp.ua,0xa027231f42c80ca4125b5cb962a21cd4f812e88f,Mining,,,,,,,,,,
ETH.SoloPool.org,0xf35074bbd0a9aee46f4ea137971feec024ab704e,Mining,,,,,,,,,,
EthashPool 1,0x8fce1ef27f3add1411c7a99be402de598ad38389,Mining,,,,,,,,,,
Kraken,0x2910543af39aba0cd09dbb2d50200b3e800a63d2,Exchange,,,,,,,,,,
Kraken 2,0x0a869d79a7052c7f1b55a8ebabbea3420f0d1e13,Exchange,,,,,,,,,,
Kraken 3,0xe853c56864a2ebe4576a807d26fdc4a0ada51919,Exchange,,,,,,,,,,
Kraken 4,0x267be1c1d684f78cb4f6a176c4911b741e4ffdc0,Exchange,,,,,,,,,,
Kraken 5,0xfa52274dd61e1643d2205169732f29114bc240b3,Exchange,,,,,,,,,,
Kraken 6,0x53d284357ec70ce289d6d64134dfac8e511c8a3d,Exchange,,,,,,,,,,
Kraken 7,0x89e51fa8ca5d66cd220baed62ed01e8951aa7c40,Exchange,,,,,,,,,,
Kraken: Deployer 1,0x2e7542ec36df6429d8c397f88c4cf0c925948f44,Exchange,,,,,,,,,,
Kraken: Deployer 2,0xa24787320ede4cc19d800bf87b41ab9539c4da9d,Exchange,,,,,,,,,,
Kraken: Hot Wallet,0xe9f7ecae3a53d2a67105292894676b00d1fab785,Exchange,,,,,,,,,,
Huobi 1,0xab5c66752a9e8167967685f1450532fb96d5d24f,Exchange,,,,,,,,,,
Huobi 10,0xe93381fb4c4f14bda253907b18fad305d799241a,Exchange,,,,,,,,,,
Huobi 11,0xfa4b5be3f2f84f56703c42eb22142744e95a2c58,Exchange,,,,,,,,,,
Huobi 12,0x46705dfff24256421a05d056c29e81bdc09723b8,Exchange,,,,,,,,,,
Huobi 13,0x32598293906b5b17c27d657db3ad2c9b3f3e4265,Exchange,,,,,,,,,,
Huobi 14,0x5861b8446a2f6e19a067874c133f04c578928727,Exchange,,,,,,,,,,
Huobi 15,0x926fc576b7facf6ae2d08ee2d4734c134a743988,Exchange,,,,,,,,,,
Huobi 16,0xeec606a66edb6f497662ea31b5eb1610da87ab5f,Exchange,,,,,,,,,,
Huobi 17,0x7ef35bb398e0416b81b019fea395219b65c52164,Exchange,,,,,,,,,,
Huobi 18,0x229b5c097f9b35009ca1321ad2034d4b3d5070f6,Exchange,,,,,,,,,,
Huobi 19,0xd8a83b72377476d0a66683cde20a8aad0b628713,Exchange,,,,,,,,,,
Huobi 2,0x6748f50f686bfbca6fe8ad62b22228b87f31ff2b,Exchange,,,,,,,,,,
Huobi 20,0x90e9ddd9d8d5ae4e3763d0cf856c97594dea7325,Exchange,,,,,,,,,,
Huobi 21,0x18916e1a2933cb349145a280473a5de8eb6630cb,Exchange,,,,,,,,,,
Huobi 22,0x6f48a3e70f0251d1e83a989e62aaa2281a6d5380,Exchange,,,,,,,,,,
Huobi 23,0xf056f435ba0cc4fcd2f1b17e3766549ffc404b94,Exchange,,,,,,,,,,
Huobi 24,0x137ad9c4777e1d36e4b605e745e8f37b2b62e9c5,Exchange,,,,,,,,,,
Huobi 25,0x5401dbf7da53e1c9dbf484e3d69505815f2f5e6e,Exchange,,,,,,,,,,
Huobi 26,0x034f854b44d28e26386c1bc37ff9b20c6380b00d,Exchange,,,,,,,,,,
Huobi 27,0x0577a79cfc63bbc0df38833ff4c4a3bf2095b404,Exchange,,,,,,,,,,
Huobi 28,0x0c6c34cdd915845376fb5407e0895196c9dd4eec,Exchange,,,,,,,,,,
Huobi 29,0x794d28ac31bcb136294761a556b68d2634094153,Exchange,,,,,,,,,,
Huobi 3,0xfdb16996831753d5331ff813c29a93c76834a0ad,Exchange,,,,,,,,,,
Huobi 30,0xfd54078badd5653571726c3370afb127351a6f26,Exchange,,,,,,,,,,
Huobi 31,0xb4cd0386d2db86f30c1a11c2b8c4f4185c1dade9,Exchange,,,,,,,,,,
ABCC,0x05f51aab068caa6ab7eeb672f88c180f67f17ec7,Exchange,,,,,,,,,,
Alcumex Exchange,0x2ddd202174a72514ed522e77972b461b03155525,Exchange,,,,,,,,,,
APROBIT,0xaecbe94703df39b49ac440feb177c7f1f782c064,Exchange,,,,,,,,,,
Artis Turba Exchange 1,0xf0c80fb9fb22bef8269cb6feb9a51130288a671f,Exchange,,,,,,,,,,
Artis Turba Exchange 2,0x94597850916a49b3b152ee374e97260b99249f5b,Exchange,,,,,,,,,,
ArzPaya.com,0x82a403c14483931b2ff6e4440c8373ccfee698b8,Exchange,,,,,,,,,,
AscendEX 1,0x03bdf69b1322d623836afbd27679a1c0afa067e9,Exchange,,,,,,,,,,
AscendEX 2,0x4b1a99467a284cc690e3237bc69105956816f762,Exchange,,,,,,,,,,
AscendEX 3,0x986a2fca9eda0e06fbf7839b89bfc006ee2a23dd,Exchange,,,,,,,,,,
ATAIX,0x4df5f3610e2471095a130d7d934d551f3dde01ed,Exchange,,,,,,,,,,
Azbit,0x92dbd8e0a46edd62aa42d1f7902d0e496bddc15a,Exchange,,,,,,,,,,
Beaxy,0xadb72986ead16bdbc99208086bd431c1aa38938e,Exchange,,,,,,,,,,
Beldex,0x258b7b9a1ba92f47f5f4f5e733293477620a82cb,Exchange,,,,,,,,,,
Bgogo 1,0x7a10ec7d68a048bdae36a70e93532d31423170fa,Exchange,,,,,,,,,,
Bgogo 2,0xce1bf8e51f8b39e51c6184e059786d1c0eaf360f,Exchange,,,,,,,,,,
Bibox,0xf73c3c65bde10bf26c2e1763104e609a41702efe,Exchange,,,,,,,,,,
Bidesk 2,0x0bb5de248dbbd31ee6c402c3c4a70293024acf74,Exchange,,,,,,,,,,
Bidesk 3,0xed5cdb0d02152046e6f234ad578613831b9184d4,Exchange,,,,,,,,,,
BigONE,0xa30d8157911ef23c46c0eb71889efe6a648a41f7,Exchange,,,,,,,,,,
BIKI.com,0x6eff3372fa352b239bb24ff91b423a572347000d,Exchange,,,,,,,,,,
Bilaxy 1,0xf7793d27a1b76cdf14db7c83e82c772cf7c92910,Exchange,,,,,,,,,,
Bilaxy 2,0xcce8d59affdd93be338fc77fa0a298c2cb65da59,Exchange,,,,,,,,,,
Binance,0x3f5ce5fbfe3e9af3971dd833d26ba9b5c936f0be,Exchange,,,,,,,,,,
Binance 10,0x85b931a32a0725be14285b66f1a22178c672d69b,Exchange,,,,,,,,,,
Binance 7,0xbe0eb53f46cd790cd13851d5eff43d12404d33e8,Exchange,,,,,,,,,,
Bitbee,0x2b49ce21ad2004cfb3d0b51b2e8ec0406d632513,Exchange,,,,,,,,,,
Coinbene: Cold Wallet,0x33683b94334eebc9bd3ea85ddbda4a86fb461405,Exchange,,,,,,,,,,
Freewallet: Cold Wallet,0x6025d96932d378be7d0a46343b437678a126ecca,Exchange,,,,,,,,,,
Gemini 3,0x61edcdf5bb737adffe5043706e7c5bb1f1a56eea,Exchange,,,,,,,,,,
Innovaminex: Cold Wallet,0xd40cc2a93c84bf220b25b5b9b2dc49136f775a3c,Exchange,,,,,,,,,,
PXN: Cold Wallet,0x88e343f4599292c2cffe683c1bb93cd3480bdbab,Exchange,,,,,,,,,,
Upbit: Cold Wallet,0xc9cf0ec93d764f5c9571fd12f764bae7fc87c84e,Exchange,,,,,,,,,,
xs2.exchange,0x15c5312e24482547ff35899afedcaeb572ecb029,Exchange,,,,,,,,,,
Bittrex,0xfbb1b73c4f0bda4f67dca266ce6ef42f520fbb98,Exchange,,,,,,,,,,
Bittrex 2,0xe94b04a0fed112f3664e45adb2b8915693dd5ff3,Exchange,,,,,,,,,,
Bittrex 3,0x66f820a414680b5bcda5eeca5dea238543f42054,Exchange,,,,,,,,,,
Bittrex: Controller,0xa3c1e324ca1ce40db73ed6026c4a177f099b5770,Exchange,,,,,,,,,,
Binance,0x3f5ce5fbfe3e9af3971dd833d26ba9b5c936f0be,Exchange,,,,,,,,,,
Binance 10,0x85b931a32a0725be14285b66f1a22178c672d69b,Exchange,,,,,,,,,,
Binance 11,0x708396f17127c42383e3b9014072679b2f60b82f,Exchange,,,,,,,,,,
Binance 12,0xe0f0cfde7ee664943906f17f7f14342e76a5cec7,Exchange,,,,,,,,,,
Binance 13,0x8f22f2063d253846b53609231ed80fa571bc0c8f,Exchange,,,,,,,,,,
Binance 14,0x28c6c06298d514db089934071355e5743bf21d60,Exchange,,,,,,,,,,
Binance 15,0x21a31ee1afc51d94c2efccaa2092ad1028285549,Exchange,,,,,,,,,,
Binance 16,0xdfd5293d8e347dfe59e90efd55b2956a1343963d,Exchange,,,,,,,,,,
Binance 17,0x56eddb7aa87536c09ccc2793473599fd21a8b17f,Exchange,,,,,,,,,,
Binance 18,0x9696f59e4d72e237be84ffd425dcad154bf96976,Exchange,,,,,,,,,,
Binance 19,0x4d9ff50ef4da947364bb9650892b2554e7be5e2b,Exchange,,,,,,,,,,
Binance 2,0xd551234ae421e3bcba99a0da6d736074f22192ff,Exchange,,,,,,,,,,
Binance 20,0x4976a4a02f38326660d17bf34b431dc6e2eb2327,Exchange,,,,,,,,,,
Binance 3,0x564286362092d8e7936f0549571a803b203aaced,Exchange,,,,,,,,,,
Binance 4,0x0681d8db095565fe8a346fa0277bffde9c0edbbf,Exchange,,,,,,,,,,
Binance 5,0xfe9e8709d3215310075d67e3ed32a380ccf451c8,Exchange,,,,,,,,,,
Binance 6,0x4e9ce36e442e55ecd9025b9a6e0d88485d628a67,Exchange,,,,,,,,,,
Binance 7,0xbe0eb53f46cd790cd13851d5eff43d12404d33e8,Exchange,,,,,,,,,,
Binance 8,0xf977814e90da44bfa03b6295a0616a897441acec,Exchange,,,,,,,,,,
Binance 9,0x001866ae5b3de6caa5a51543fd9fb64f524f5478,Exchange,,,,,,,,,,
Binance Charity,0x8b99f3660622e21f2910ecca7fbe51d654a1517d,Exchange,,,,,,,,,,
Binance JEX,0xab83d182f3485cf1d6ccdd34c7cfef95b4c08da4,Exchange,,,,,,,,,,
Binance US,0x61189da79177950a7272c88c6058b96d4bcd6be2,Exchange,,,,,,,,,,
Binance USD,0x4fabb145d64652a948d72533023f6e7a623c7c53,Exchange,,,,,,,,,,
Binance: BGBP Token,0xc9a2c4868f0f96faaa739b59934dc9cb304112ec,Exchange,,,,,,,,,,
AscendEX 1,0x03bdf69b1322d623836afbd27679a1c0afa067e9,Exchange,,,,,,,,,,
AscendEX 2,0x4b1a99467a284cc690e3237bc69105956816f762,Exchange,,,,,,,,,,
AscendEX 3,0x986a2fca9eda0e06fbf7839b89bfc006ee2a23dd,Exchange,,,,,,,,,,
Bitfinex 1,0x1151314c646ce4e0efd76d1af4760ae66a9fe30f,Exchange,,,,,,,,,,
Bitfinex 2,0x742d35cc6634c0532925a3b844bc454e4438f44e,Exchange,,,,,,,,,,
Bitfinex 3,0x876eabf441b2ee5b5b0554fd502a8e0600950cfa,Exchange,,,,,,,,,,
Bitfinex: Contract 1,0x7727e5113d1d161373623e5f49fd568b4f543a9e,Exchange,,,,,,,,,,
Bitfinex: Contract 2,0x0e55c54249f25f70d519b7fb1c20e3331e7ba76d,Exchange,,,,,,,,,,
Bitfinex: Deployer 1,0x5dbdebcae07cc958ba5290ff9deaae554e29e7b4,Exchange,,,,,,,,,,
Bitfinex: Deployer 2,0x2ee3b2df6534abc759ffe994f7b8dcdfaa02cd31,Exchange,,,,,,,,,,
Bitfinex: Deployer 3,0xe1f3c653248de6894d683cb2f10de7ca2253046f,Exchange,,,,,,,,,,
Bitfinex: Deployer 4,0x2903cadbe271e057edef157340b52a5898d7424f,Exchange,,,,,,,,,,
Bitfinex: Deployer 5,0x36928500bc1dcd7af6a2b4008875cc336b927d57,Exchange,,,,,,,,,,
Bitfinex: Deployer 6,0x14d06788090769f669427b6aea1c0240d2321f34,Exchange,,,,,,,,,,
Bitfinex: LEO Token,0x2af5d2ad76741191d15dfe7bf6ac92d4bd912ca3,Exchange,,,,,,,,,,
Bitfinex: MultiSig 1,0xab7c74abc0c4d48d1bdad5dcb26153fc8780f83e,Exchange,,,,,,,,,,
Bitfinex: MultiSig 2,0xc6cde7c39eb2f0f0095f41570af89efc2c1ea828,Exchange,,,,,,,,,,
Bitfinex: MultiSig 3,0xc61b9bb3a7a0767e3179713f3a5c7a9aedce193c,Exchange,,,,,,,,,,
Bitfinex: Old Address 1,0xcafb10ee663f465f9d10588ac44ed20ed608c11e,Exchange,,,,,,,,,,
Bitfinex: Old Address 2,0x7180eb39a6264938fdb3effd7341c4727c382153,Exchange,,,,,,,,,,
Bitfinex: Old Contract 1,0x69c6dcc8f83b196605fa1076897af0e7e2b6b044,Exchange,,,,,,,,,,
Bitfinex: Old Contract 2,0x8d5a41e85f4ce2433beef476305d307b9205d98d,Exchange,,,,,,,,,,
Euro Tether: EURT Token,0xc581b735a1688071a1746c968e0798d642ede491,Exchange,,,,,,,,,,
EURT:undefined,0xabdf147870235fcfc34153828c769a70b3fae01f,Exchange,,,,,,,,,,
Tether Gold: XAUt Token,0x4922a015c4407f87432b179bb209e125432e4a2a,Exchange,,,,,,,,,,
Tether: Treasury,0x5754284f345afc66a98fbb0a0afe71e0f007b949,Exchange,,,,,,,,,,
Tether: USDT Stablecoin,0xdac17f958d2ee523a2206206994597c13d831ec7,Exchange,,,,,,,,,,
Celsius Network: CEL Partners,0x5089afdb4328c2e90d4bbeb2b62421f51a687430,Lending,,,,,,,,,,
Celsius Network: CEL Team,0xb2d9fecc991a81eb237028262517f61dd8177b4f,Lending,,,,,,,,,,
Celsius Network: CEL Token,0xaaaebe6fe48e54f431b0c390cfaf0b017d09d42d,Lending,,,,,,,,,,
Celsius Network: CEL Treasury,0xce606c7028a0702de6ef30c69c9dca4e3d46ffbd,Lending,,,,,,,,,,
Celsius Network: CEL Treasury Reserve,0x81b5ce15aa64e1dcefc18f810de7d18115230586,Lending,,,,,,,,,,
Celsius Network: Contract,0x32a3256a4b15badd4a6e072a03d23404d925a5cf,Lending,,,,,,,,,,
Celsius Network: Deployer,0x2abf9f753d0af02cca358f98d633bad81cc555ed,Lending,,,,,,,,,,
Celsius Network: Wallet,0x7de3e919d1d7e5f1b1b27bdb3575b65c5874a5f6,Lending,,,,,,,,,,
Celsius Network: Wallet 10,0x917334942eee7c32dcccfbde975f3e0ac30efac4,Lending,,,,,,,,,,
Celsius Network: Wallet 2,0x75db8b92937f8f86213e523788ab9f066efde3fe,Lending,,,,,,,,,,
Celsius Network: Wallet 3,0x721e3d8aa92d1f26936f6945f176415f66a88588,Lending,,,,,,,,,,
Celsius Network: Wallet 4,0xb26314635252b4ee8b454423e5299a092dea8a4a,Lending,,,,,,,,,,
Celsius Network: Wallet 5,0x4f6742badb049791cd9a37ea913f2bac38d01279,Lending,,,,,,,,,,
Celsius Network: Wallet 6,0x8b47ed08fd5f134c57b826fbd33e1de121de880d,Lending,,,,,,,,,,
Celsius Network: Wallet 7,0x84e1f49a6b65882c7365b6a775999cfcb481f22f,Lending,,,,,,,,,,
Celsius Network: Wallet 8,0x3be6d80fdce385358f5762998882efc282df7b9a,Lending,,,,,,,,,,
Celsius Network: Wallet 9,0x91e9a131446ab538d30746c79d43908faef3f289,Lending,,,,,,,,,,
Gate.io,0x0d0707963952f2fba59dd06f2b425ace40b492fe,Exchange,,,,,,,,,,
Gate.io 2,0x7793cd85c11a924478d358d49b05b37e91b5810f,Exchange,,,,,,,,,,
Gate.io 3,0x1c4b70a3968436b9a0a9cf5205c787eb81bb558c,Exchange,,,,,,,,,,
Gate.io: Contract,0xd793281182a0e3e023116004778f45c29fc14f19,Exchange,,,,,,,,,,
MetaMask: DS Proxy,0xf326e4de8f66a0bdc0970b79e0924e33c79f1915,Wallet Provider,,,,,,,,,,
Metamask: Fees,0x11ededebf63bef0ea2d2d071bdf88f71543ec6fb,Wallet Provider,,,,,,,,,,
Metamask: Swap Router,0x881d40237659c251811cec9c364ef91dc08d300c,Wallet Provider,,,,,,,,,,
MiningPoolHub,0x3ecef08d0e2dad803847e052249bb4f8bff2d5bb,Mining,,,,,,,,,,
Nexo 1,0x00ee047a66d5cff27587a61559138c26b62f7ceb,Lending,,,,,,,,,,
Nexo 2,0xffec0067f5a79cff07527f63d83dd5462ccf8ba4,Lending,,,,,,,,,,
Nexo 3,0x0031e147a79c45f24319dc02ca860cb6142fcba1,Lending,,,,,,,,,,
Nexo Token,0xb62132e35a6c13ee1ee0f84dc5d40bad8d815206,Lending,,,,,,,,,,
Bitfinex 1,0x1151314c646ce4e0efd76d1af4760ae66a9fe30f,OTC,,,,,,,,,,
Counter Network,0x5d509a25f25190e77a1e46e72333788b1f069ce1,OTC,,,,,,,,,,
DeversiFi: OTC,0xd924bdd6fa7fd3d0eb1337853a814a4263dcbfe8,OTC,,,,,,,,,,
DigiFinex,0xe17ee7b3c676701c66b395a35f0df4c2276a344e,OTC,,,,,,,,,,
HEXOTC,0x204b937feaec333e9e6d72d35f1d131f187ecea1,OTC,,,,,,,,,,
Huobi 1,0xab5c66752a9e8167967685f1450532fb96d5d24f,OTC,,,,,,,,,,
LocalEthereum 1,0x867ffb5a3871b500f65bdfafe0136f9667deae06,OTC,,,,,,,,,,
OTC: 0x054...58e,0x0548f59fee79f8832c299e01dca5c76f034f558e,OTC,,,,,,,,,,
Rarible: Treasury,x1cf0df2a5a20cd61d68d4489eebbf85b8d39e18a,NFT,,,,,,,,,,
KuCoin,0x2b5634c42055806a59e9107ed44d43c426e58258,Exchange,,,,,,,,,,
KuCoin 2,0x689c56aef474df92d44a1b70850f808488f9769c,Exchange,,,,,,,,,,
KuCoin 3,0xa1d8d972560c2f8144af871db508f0b0b10a3fbf,Exchange,,,,,,,,,,
KuCoin 4,0x4ad64983349c49defe8d7a4686202d24b25d0ce8,Exchange,,,,,,,,,,
KuCoin 5,0x1692e170361cefd1eb7240ec13d048fd9af6d667,Exchange,,,,,,,,,,
KuCoin 6,0xd6216fc19db775df9774a6e33526131da7d19a2c,Exchange,,,,,,,,,,
KuCoin Contract,0x2602669a92fccf44e5319ff51b0f453aab9db021,Exchange,,,,,,,,,,
KuCoin: Deployer,0xf2b16510270a214130c6b17ff0e9bf87585126bd,Exchange,,,,,,,,,,
KuCoin: KCS Token,0xf34960d9d60be18cc1d5afc1a6f012a723a28811,Exchange,,,,,,,,,,
KuCoin: Old KCS Token,0x039b5649a59967e3e936d7471f9c3700100ee1ab,Exchange,,,,,,,,,,
Bitstamp 1,0x00bdb5699745f5b860228c8f939abf1b9ae374ed,Exchange,,,,,,,,,,
Bitstamp 2,0x1522900b6dafac587d499a862861c0869be6e428,Exchange,,,,,,,,,,
Bitstamp 3,0x9a9bed3eb03e386d66f8a29dc67dc29bbb1ccb72,Exchange,,,,,,,,,,
Bitstamp 4,0x059799f2261d37b829c2850cee67b5b975432271,Exchange,,,,,,,,,,
Bitstamp 5,0x4c766def136f59f6494f0969b1355882080cf8e0,Exchange,,,,,,,,,,
Bitstamp 6,0xc5b611f502a0dcf6c3188fd494061ae29b2baa4f,Exchange,,,,,,,,,,
Bitstamp: Deployer,0x538d72ded42a76a30f730292da939e0577f22f57,Exchange,,,,,,,,,,
Bitstamp: Old Address 1,0xfca70e67b3f93f679992cd36323eeb5a5370c8e4,Exchange,,,,,,,,,,
0x,0x22f9dcf4647084d6c31b2765f6910cd85c178c18,Exchange,,,,,,,,,,
Huobi,0xeee28d484628d41a82d01e21d12e2e78d69920da,Exchange,,,,,,,,,,
Gemini,0x5f65f7b609678448494de4c87521cdf6cef1e932,Exchange,,,,,,,,,,
Poloniex,0xa910f92acdaf488fa6ef02174fb86208ad7722ba,Exchange,,,,,,,,,,
Kraken,0xae2d4617c862309a3d75a0ffb358c7a5009c673f,Exchange,,,,,,,,,,
Jump Trading,0xf584f8728b874a6a5c7a8d4d387c9aae9172d621,Market Maker,,,,,,,,,,
Peatio,0xd4dcd2459bb78d7a645aa7e196857d421b10d93f,Exchange,,,,,,,,,,
Three Arrows Capital,0x4862733b5fddfd35f35ea8ccf08f5045e57388b3,VC,,,,,,,,,,
Three Arrows Capital 2,0x085af684acdb1220d111fee971b733c5e5ae6ccd,VC,,,,,,,,,,
Three Arrows Capital 3,0x5cfd0cddf989959a6a6c3ad985ce324460d46dfd,VC,,,,,,,,,,
alameda,0xfa453aec042a837e4aebbadab9d4e25b15fad69d,Market Maker,,,,,,,,,,
alameda 2,0x477573f212a7bdd5f7c12889bd1ad0aa44fb82aa,Market Maker,,,,,,,,,,
alameda 3,0xc03613cbe9d34ab0e4ef4c510205f0846c24b8eb,Market Maker,,,,,,,,,,
alameda 4,0x9695cfaa368718dd6790a6f57b633d83f565893e,Market Maker,,,,,,,,,,
alameda 5,0x61097c84bc54aed8f07cf3e903faf8a7c64c9859,Market Maker,,,,,,,,,,
alameda 6,0x73c0ae50756c7921d1f32ada71b8e50c5de7ff9c,Market Maker,,,,,,,,,,
alameda 7,0x4b3eea6522d87324b68e4fcff6762ca98de71eb5,Market Maker,,,,,,,,,,
alameda 8,0x97137466bc8018531795217f0ecc4ba24dcba5c1,Market Maker,,,,,,,,,,
alameda 9,0x94e509b0f855297c0b99ab61bff027e0ad114121,Market Maker,,,,,,,,,,
tokenlon,0xb9e29984fe50602e7a619662ebed4f90d93824c7,DEX,,,,,,,,,,
tokenlon 2,0xd0e6cbd9da5d6214818a3ca2c4be074174faea81,DEX,,,,,,,",,",,,
tokenlon 3,0x41f8d14c9475444f30a80431c68cf24dc9a8369a,DEX,,,,,,,,,,
bitgo team,0x187c0e0aa33282096b39a33457939f1dc3ea8e0f,Custody,,,,,,,,,,
bitgo team 2,0xd1669ac6044269b59fa12c5822439f609ca54f41,Custody,,,,,,,,,,
struck capital,0x46abbc9fc9d8e749746b00865bc2cf7c4d85c837,VC,,,,,,,,,,
kevin_rose,0xba19ba5233b49794c33f01654e99a60e579e6f29,Individual,,,,,,,,,,
coinmetro,0xa270f3ad1a7a82e6a3157f12a900f1e25bc4fbfd,Exchange,,,,,,,,,,
coinmetro 2,0xd4e72265877110be8515b9874da3342e70060b64,Exchange,,,,,,,,,,
kleros team,0x67a57535b11445506a9e340662cd0c9755e5b1b4,Arbitration,,,,,,,,,,
kain warwick,0x5b97680e165b4dbf5c45f4ff4241e85f418c66c2,Individual,,,,,,,,,,
polychain,0xbcd5000f5c522856e710c5d274bb672b2f2eefbf,VC,,,,,,,,,,
quant whale,0xe5c405c5578d84c5231d3a9a29ef4374423fa0c2,Individual,,,,,,,,,,
liquiditymarketmaker,0xbf4ae54fdc6f561e4027c8a26c172c98a267760f,Market Maker,,,,,,,,,,
ryan adams,0xfdaae0c5a7a56c8265b9f86cf8cd934a494e3733,Individual,,,,,,,,,,
cobinhood,0x8958618332df62af93053cb9c535e26462c959b0,Exchange,,,,,,,,,,
new form capital,0x8fe1a0b56c62f79a7bd8b45fe08b0e03c4af572d,VC,,,,,,,,,,
ethereum foundation,0xfb6916095ca1df60bb79ce92ce3ea74c37c5d359,Foundation,,,,,,,,,,
ethereum foundation 2,0xde0b295669a9fd93d5f28d9ec85e40f4cb697bae,Foundation,,,,,,,,,,
vitalik buterin,0xab5801a7d398351b8be11c439e05c5b3259aec9b,Individual,,,,,,,,,,
uniswap team,0x4750c43867ef5f89869132eccf19b9b6c4286e1a,DEX,,,,,,,,,,
uniswap team,0x3d30b1ab88d487b0f3061f40de76845bec3f1e94,DEX,,,,,,,,,,
uniswap team,0xe3953d9d317b834592ab58ab2c7a6ad22b54075d,DEX,,,,,,,,,,
uniswap team,0x4b4e140d1f131fdad6fb59c13af796fd194e4135,DEX,,,,,,,,,,
uniswap team/investor,0x3cc3bf9b66f424a1632fac87b941cda71ad491b6,VC,,,,,,,,,,
uniswap team/investor,0x7d2d43e63666f45b40316b44212325625dbaeb40,VC,,,,,,,,,,
uniswap team/investor,0x030d6830dc8ff125850390da620fa3e12decd437,VC,,,,,,,,,,
